<?xml version="1.0" encoding="UTF-8" standalone="no"?>
<metadata><Esri><MetaID>{8D1A44AE-CAE8-4E7A-A790-CEC5032E2038}</MetaID><CreaDate>20060515</CreaDate><CreaTime>09330000</CreaTime><SyncOnce>TRUE</SyncOnce><ModDate>20090513</ModDate><ModTime>103337</ModTime></Esri><tool name="Cartogram" displayname="Make a cartogram (Gastner-Newman method)" toolboxalias=""><summary><para>This Geoprocessing tool uses the method and code developed by Mark Newman and Michael Gastner (reference below) to produce Cartograms.  A Cartogram is a transformation of a map so that the Original Areas are expanded or contracted to represent a Value that is an attribute of an Original Area, for example the population.  The method works by dividing each Value by its Original Area to get its density.  An overall average density for the map is also computed.  Using the equations for linear diffusion, Original Areas of higher densities diffuse into Original Areas of lower density until the density over the entire map approaches the average density.  The computations are carried out using an Analysis Mesh which is analogous to a Raster made from the Original Areas.  The results in each cell of the Analysis Mesh are how far in X and Y the original density diffused.  Ideally, the Analysis Mesh has cells sized so that there is at least one cell representing the smallest polygon of the Original Areas.  The resulting Cartogram is a  map where the Original Areas are distorted, often greatly, sometimes making the Original Areas unrecognizable.  The new areas will still maintain borders with original neighbors.  There are two parameters that influence the degree of distortion -- the number of cells in the Analysis Mesh, and the Factor to smooth original density, called the Gaussian Blur.  Making a Cartogram is partly an exercise in aesthetics, because there needs to be a balance between the accuracy of the final density equalization and degree of distortion introduced.</para><para>A warning is issued at the end of the process if there was an Original Area too small to be represented by a cell of the Analysis Mesh.  If small Original Areas do not differ much in density from surrounding larger areas, it may not make much difference if they are not represented.  To facilitate computations using Fast Fourier Transforms, the Analysis Mesh must be sized in powers of 2.  Computation time is on the order of N*logN where N is the size of the Analysis Mesh (Width X Height).</para><para>The diffusion calculation is a step-by-step process where each step represents a small period of time.  The density of each cell in the Analysis Mesh diffuses towards cells of lower density by following the path of steepest decent, or gradient.  For any timestep, the value in a cell represents its current density, and how far, and in what direction its density has diffused.  The calculation is finished when there is no significant change in movement.</para><para>Since the cells in the center of an Original Area will have no gradient, a process called a Gaussian Blur is used to get the diffusion process started.  It can be thought of as making slightly rounded humps of Original Areas with higher density, and slightly rounded wells of Original Areas with lower density.  Since the Gaussian Blur initially makes dense areas more diffuse it can be used as a factor to govern the amount of distortion in the new areas.</para><para>Gastner, M.T. and Newman, M.E.J.. (2004). Diffusion-based method for producing density-equalizing maps. <b>Proceedings of the National Academy of Science, Vol 101,</b> Number 20, pp 7499-7504, May 18, 2004.</para></summary><parameters><param name="in_featureclass" displayname="Original Polygon Features" type="Required" direction="Input" expression="&lt;in_featureclass&gt;"><commandReference><para>The polygon feature class of the Original Polygon Features and Values.</para></commandReference><dialogReference><para>The polygon feature class or layer with the Original Polygon Features and Values.  If there is a Definition Query on a layer, only the polygons meeting the Definition Query criteria are translated.  If there is a Selected Set of features, only the polygons in the Selected Set are translated.  When Additional Features are translated, features outside of the DefQuery and Selected Set on the Original Polygon Features may be included.  Shapefiles, compressed (SDC) data, and Geodatabase feature classes are valid input.  When writing to a FeatureDataset, the Spatial Reference of the Original and New feature classes must be the same.</para></dialogReference></param><param name="in_value_field" displayname="Value Field of the Original Features" type="Required" direction="Input" expression="&lt;in_value_field&gt;"><commandReference><para>The Field with the Value that will be diffused.</para></commandReference><dialogReference><para>The Field in the Original Polygon Features with the Value that will be diffused to produce the Output Cartogram.  The Value is divided by the area to make a density.  This density is diffused by the process of linear diffusion until the output areas have approximately equal density.  A Value Field in a table joined to the Original Polygon Features can be used.  It will be copied to the Output Cartogram Features.</para></dialogReference></param><param name="out_cartogram_features" displayname="Output Cartogram Features" type="Required" direction="Output" expression="&lt;out_cartogram_features&gt;"><commandReference><para>The new Cartogram geodatabase feature class.</para></commandReference><dialogReference><para>The output feature class that will contain the new Cartogram. The Cartogram must be saved into a File Geodatabase.</para></dialogReference></param><param name="in_id_field" displayname="Unique ID Field of Original Features - defaults to OBJECTID or FID" type="Optional" direction="Input" expression="{in_id_field}"><commandReference><para>The Field in Original Polygon Features with the unique ID</para></commandReference><dialogReference><para>The Field in Original Polygon Features with the unique polygon ID.  The OBJECTID or FID is the default.  Any integer field can be used.  If the OBJECTID or FID is used, the field in the Output Cartogram Features will be called "origOBJECTID" or "origFID".  </para></dialogReference></param><param name="in_area_field" displayname="Area Field of Original Features - defaults to Shape field" type="Optional" direction="Input" expression="{in_area_field}"><commandReference><para>The Field with the Area of each polygon.</para></commandReference><dialogReference><para>The Field with the Area of each polygon.  The default is the "Shape" field.  Any double precision field can be used.  </para></dialogReference></param><param name="gaussian_blur" displayname="Factor to smooth original density - defaults to 1" type="Optional" direction="Input" expression="{gaussian_blur}"><commandReference><para>The Density Blurring Factor.</para></commandReference><dialogReference><para>The Density Blurring Factor. Smooths the density of the Original Polygon Features by using a Gaussian Blur process before the diffusion process begins. Often differences in the density of adjacent areas are so great the diffusion process cannot get started, or it takes a long time to get started.  Specifying or increasing the Density Blurring Factor can alleviate this problem. The Density Blurring Factor can be used to control the amount of diffusion, and therefore the amount of distortion in the resulting Cartogram.  The Density Blurring Factor works like the Low Pass option of the Filter Tool in the Spatial Analyst Toolbox, except you can specify the amount of filtering.  The default is 1.   The number you use roughly translates to the number of cells the density of an individual cell will be spread over.  A blur of 1 will make a cartogram only slightly different than a blur of 0.   A blur of 100 or greater spreads out the density so much the diffusion process produces very little diffusion of density, so the resulting Cartogram looks much like the original map.</para><para>The U.S. with the Population of the States extruded showing sharp differences between polygons.</para><illust src="ARCTOOLBOXHELP\cartogram_no_blur.gif" alt="No Blur"></illust><para>The U.S. with the Population of the States spread out by a Gaussian Blur.</para><illust src="ARCTOOLBOXHELP\cartogram_blur.gif" alt="Blur"></illust></dialogReference></param><param name="analysis_mesh_size" displayname="Number of cells in width/height of the Analysis Mesh - defaults to 512" type="Optional" direction="Input" expression="{512 | 128 | 256 | 1024 | 2048 | 4096}"><commandReference><para>Maximum number of cells in width/height of the Analysis Mesh.</para></commandReference><dialogReference><para>Maximum number of cells in width/height of the Analysis Mesh.  Default is 512.  Ideally, the smallest Original Area should be represented by at least one cell.  The Analysis Mesh will always be 1-1/2 times the maximum of width or height of the data extent.  The number of cells must be a power of 2 to facilitate Fast Fourier Transforms used by the diffusion process.  The valid range is between 128 and 4096.  Specifying 4096 may cause a failure in the program due to lack of memory for allocating to data structures used by the program.  Specifying 4096, if it does work, may require hours of processing time.  Specifying 2048 usually means processing times of around 20 minutes, and 1024 will usually produce a cartogram in less than 7 minutes.</para></dialogReference></param><param name="sum_values4repeat_ids" displayname="Sum the Values for each repeated ID - default is true" type="Optional" direction="Input" expression="{sum_values4repeat_ids}"><commandReference><para>Sum Values for each occurence of ID in the Original Polygon Features.</para></commandReference><dialogReference><para>Whether to Sum Values for each occurence of ID in the Original Polygon Features.  Default is Checked.  If Checked, both the Area and the Value for each occurence of an ID are summed, then the total of the Values is divided by the total of the Areas to get density.  If Unchecked, the Area is summed but not the Value.  Use Unchecked if IDs are not unique, but are due to multiple polygons being the same entity.  In this case the Value would probably be repeated, so summing the Values would give incorrect results for the density.</para></dialogReference></param><param name="extra_datasets" displayname="Additional Features/Rasters to Transform" type="Optional" direction="Input" expression="{Additional Dataset {Transformed Dataset Name};Additional Dataset {Transformed Dataset Name}...}"><commandReference><para>A paired list of pathnames of rasters and feature classes (point, line, poly) and names of new rasters and feature classes to be translated the same way as the Original Polygon Features.</para></commandReference><dialogReference><para>A paired list of pathnames of feature classes (point, line, poly), rasters and names of new feature classes and rasters to be translated the same way as the Original Polygon Features.  New feature classes are put into the same Workspace or FeatureDataset as the Output Cartogram.  They have the same spatial reference as the Output Cartogram.  By using this option, other point, line, and polygon data can be translated in the same way as the Cartogram.  These optional feature classes must have the same Spatial Reference as the Original Polygon Features and Cartogram feature class.  Rasters can also be translated.  The translated rasters will be put into the same geodatabase as the translated feature classes.  Rasters must also have the same Spatial Reference as the Original Polygon Features.</para></dialogReference></param><param name="copy_original_featureclass" displayname="Copy the Original Polygon Features table to the Output Cartogram Features table." type="Optional" direction="Input" expression="{copy_original_featureclass}"><commandReference><para>Whether to copy all the fields in the Original Polygon Features table to the Output Cartogram Features table.</para></commandReference><dialogReference><para>Whether to copy all the fields in the Original Polygon Features table to the Output Cartogram Features table.  Checking the box causes all the fields in the Original Polygon Features to be copied to the Output Cartogram Features.  By default, only the Value and Unique ID Field of the Original Polygon Features are copied to the Output Cartogram Features, and other fields in the Original Polygon Features can be accessed by using a Join from the Output Cartogram Features table based on the Unique ID field.  Copying the Original Polygon Features is not allowed if there is already a table joined to it.</para></dialogReference></param></parameters><toolIllust src="" alt=""></toolIllust><usage></usage><commandExample>Cartogram D:\TestCartogram\PGDB\Cartogram.mdb\AlbersDataset\states_albers  POP1999  D:\TestCartogram\PGDB\Cartogram.mdb\AlbersDataset\states_albers_POP1999  OBJECTID  Shape  1 1024  true  "D:\TestCartogram\PGDB\Cartogram.mdb\AlbersDataset\counties_albers   counties_albers_POP1999" true</commandExample><scriptExample>Cartogram(D:\TestCartogram\FileGDB\Cartogram.gdb\AlbersDataset\states_albers,  POP1999,  D:\TestCartogram\FileGDB\Cartogram.gdb\AlbersDataset\states_albers_POP1999,  OBJECTID,  Shape,  1, 1024,  true,  "D:\TestCartogram\FileGDB\Cartogram.gdb\AlbersDataset\counties_albers   counties_albers_POP1999", true)</scriptExample></tool><dataIdInfo><idCitation><resTitle>Make a cartogram (Gastner-Newman method)</resTitle><citRespParty><rpIndName>Tom Gross incorporating code by Mark Newman and Michael Gastner</rpIndName><rpOrgName>ESRI Benchmarks</rpOrgName><rpPosName></rpPosName><role><RoleCd>010</RoleCd></role><rpCntInfo><cntAddress><delPoint></delPoint><city></city><adminArea></adminArea><postCode></postCode><country></country><eMailAdd></eMailAdd></cntAddress><cntPhone><voiceNum></voiceNum><faxNum></faxNum></cntPhone></rpCntInfo></citRespParty></idCitation><idAbs><para>This Geoprocessing tool uses the method and code developed by Mark Newman and Michael Gastner (see below) to produce Cartograms. A Cartogram is a transformation of a map so that the Original Areas are expanded or contracted to represent a Value that is an attribute of an Original Area, for example the population.  The method works by dividing each Value by its Original Area to get its density.  An overall average density for the map is also computed.  Using the equations for linear diffusion, Original Areas of higher densities diffuse into Original Areas of lower density until the density over the entire map approaches the average density.  The computations are carried out using an Analysis Mesh which is analogous to a Raster made from the Original Areas.  The results in each cell of the Analysis Mesh are how far in X and Y the original density diffused.  Ideally, the Analysis Mesh has cells sized so that there is at least one cell representing the smallest polygon of the Original Areas.  The resulting Cartogram is a  map where the Original Areas are distorted, often greatly, sometimes making the Original Areas unrecognizable.  The new areas will still maintain borders with original neighbors.  There are two parameters that influence the degree of distortion, the number of cells in the Analysis Mesh, and the Factor to smooth original density, called the Gaussian Blur.  Making a Cartogram is partly an exercise in aesthetics, because there needs to be a balance between the accuracy of the final density equalization and degree of distortion introduced.</para> <para>Gastner, M.T. and Newman, M.E.J.. (2004). Diffusion-based method for producing density-equalizing maps. Proceedings of the National Academy of Science, Vol 101, Number 20, pp 7499-7504, May 18, 2004.</para></idAbs><descKeys KeyTypCd="005"><keyTyp><keyTyp>005</keyTyp></keyTyp><keyword>Cartogram</keyword><keyword>Density-equalizing maps</keyword><keyword>Diffusion</keyword></descKeys><resConst><Consts><useLimit></useLimit></Consts></resConst></dataIdInfo><distInfo><distributor><distorFormat><formatName>ArcToolbox Tool</formatName></distorFormat></distributor></distInfo></metadata>
